"Level","Question","Option_A","Option_B","Option_C","Option_D","Correct_Option","Solution","Needs_Review"
"Basic","Find the next number in the sequence: 2, 4, 6, 8, __","8","12","9","10","D","Each number increases by 2 (arithmetic sequence): 2 + 2 = 4, 4 + 2 = 6, 6 + 2 = 8. Next: 8 + 2 = 10.","TRUE"
"Basic","Find the next number: 1, 3, 9, 27, __","81","13","43","55","A","Each number is multiplied by 3 (geometric sequence): 1 × 3 = 3, 3 × 3 = 9, 9 × 3 = 27. Next: 27 × 3 = 81.","TRUE"
"Basic","Find the next number: 5, 10, 15, 20, __","22","25","40","30","B","Each number increases by 5: 5 + 5 = 10, 10 + 5 = 15, 15 + 5 = 20. Next: 20 + 5 = 25.","TRUE"
"Basic","Find the next number: 1, 4, 16, 64, __","17","64","256","32","C","Each number is multiplied by 4: 1 × 4 = 4, 4 × 4 = 16, 16 × 4 = 64. Next: 64 × 4 = 256.","TRUE"
"Basic","Find the next number: 3, 6, 12, 24, __","48","15","8","36","A","Each number is multiplied by 2: 3 × 2 = 6, 6 × 2 = 12, 12 × 2 = 24. Next: 24 × 2 = 48.","TRUE"
"Basic","Find the next number: 10, 9, 8, 7, __","6","7","5","4","A","Each number decreases by 1: 10 - 1 = 9, 9 - 1 = 8, 8 - 1 = 7. Next: 7 - 1 = 6.","TRUE"
"Basic","Find the next number: 2, 5, 8, 11, __","18","13","14","15","C","Each number increases by 3: 2 + 3 = 5, 5 + 3 = 8, 8 + 3 = 11. Next: 11 + 3 = 14.","TRUE"
"Basic","Find the next number: 1, 2, 4, 8, __","16","22","17","11","A","Each number is multiplied by 2: 1 × 2 = 2, 2 × 2 = 4, 4 × 2 = 8. Next: 8 × 2 = 16.","TRUE"
"Basic","Find the next number: 100, 90, 80, 70, __","60","65","75","85","A","Each number decreases by 10: 100 - 10 = 90, 90 - 10 = 80, 80 - 10 = 70. Next: 70 - 10 = 60.","TRUE"
"Basic","Find the next number: 1, 5, 25, 125, __","1250","15625","625","6250","C","Each number is multiplied by 5: 1 × 5 = 5, 5 × 5 = 25, 25 × 5 = 125. Next: 125 × 5 = 625.","TRUE"
"Basic","Find the next number: 4, 8, 12, 16, __","20","28","18","22","A","Each number increases by 4: 4 + 4 = 8, 8 + 4 = 12, 12 + 4 = 16. Next: 16 + 4 = 20.","TRUE"
"Basic","Find the next number: 2, 6, 18, 54, __","54 × 2 = 108","54 × 4 = 216","54 × 3 = 162","162","D","Each number is multiplied by 3: 2 × 3 = 6, 6 × 3 = 18, 18 × 3 = 54. Next: 54 × 3 = 162.","TRUE"
"Basic","Find the next number: 7, 14, 21, 28, __","45","82","35","31","C","Each number increases by 7: 7 + 7 = 14, 14 + 7 = 21, 21 + 7 = 28. Next: 28 + 7 = 35.","TRUE"
"Basic","Find the next number: 3, 9, 27, 81, __","243","121","13","87","A","Each number is multiplied by 3: 3 × 3 = 9, 9 × 3 = 27, 27 × 3 = 81. Next: 81 × 3 = 243.","TRUE"
"Basic","Find the next number: 50, 45, 40, 35, __","30","25","38","32","A","Each number decreases by 5: 50 - 5 = 45, 45 - 5 = 40, 40 - 5 = 35. Next: 35 - 5 = 30.","TRUE"
"Basic","Find the next number: 1, 3, 6, 10, __","8","15","12","9","B","Differences: 3 - 1 = 2, 6 - 3 = 3, 10 - 6 = 4. Differences increase by 1. Next difference = 5.  
    Next: 10 + 5 = 15.","TRUE"
"Basic","Find the next number: 2, 4, 8, 16, __","12","20","4","32","D","Each number is multiplied by 2: 2 × 2 = 4, 4 × 2 = 8, 8 × 2 = 16. Next: 16 × 2 = 32.","TRUE"
"Basic","Find the next number: 6, 12, 18, 24, __","42","36","30","25","C","Each number increases by 6: 6 + 6 = 12, 12 + 6 = 18, 18 + 6 = 24. Next: 24 + 6 = 30.","TRUE"
"Basic","Find the next number: 1, 4, 9, 16, __","121","36","24","25","D","Numbers are squares: 1² = 1, 2² = 4, 3² = 9, 4² = 16. Next: 5² = 25.","TRUE"
"Basic","Find the next number: 8, 7, 6, 5, __","11","22","9","4","D","Each number decreases by 1: 8 - 1 = 7, 7 - 1 = 6, 6 - 1 = 5. Next: 5 - 1 = 4.","TRUE"
"Basic","A sequence of squares increases the number of small squares inside: 1, 4, 9, __. What is the next number?","16","0","25","5","A","Numbers are squares: 1 = 1², 4 = 2², 9 = 3². Next: 4² = 16 small squares.","TRUE"
"Basic","A triangle rotates 90° clockwise each step. After three rotations, what is the position?","270° clockwise","A square","90° clockwise","360° clockwise","A","90° × 3 = 270° clockwise. The triangle is rotated 270° from the original position.","TRUE"
"Basic","A sequence of circles adds one circle each step: 1, 2, 3, 4, __. What is the next number?","5 circles","25","13","17","A","Each step adds 1: 1 + 1 = 2, 2 + 1 = 3, 3 + 1 = 4. Next: 4 + 1 = 5.","TRUE"
"Basic","A square is divided into smaller squares: 1, 4, 16, __. What is the next number?","36","25","64","81","C","Each number is multiplied by 4: 1 × 4 = 4, 4 × 4 = 16. Next: 16 × 4 = 64.","TRUE"
"Basic","A sequence of shapes alternates: Circle, Square, Circle, Square, __. What is the next shape?","Rectangle","Triangle","Circle","Square","C","Pattern alternates: Circle, Square. After Square, the next is Circle.","TRUE"
"Basic","A pentagon rotates 72° clockwise each step. After two rotations, what is the position?","288° clockwise","108° clockwise","144° clockwise","144° counter-clockwise","C","72° × 2 = 144° clockwise.","TRUE"
"Basic","A sequence of triangles adds one triangle: 1, 2, 4, __. What is the next number?","7","16","8 triangles","3","C","Each number is multiplied by 2: 1 × 2 = 2, 2 × 2 = 4. Next: 4 × 2 = 8.","TRUE"
"Basic","A sequence of squares increases side length by 1: 1×1, 2×2, 3×3, __. What is the next square?","4×4","5×5","Square","22×22","A","Side lengths: 1, 2, 3. Next: 4. Square is 4×4.","TRUE"
"Basic","A sequence alternates colors: Red, Blue, Red, Blue, __. What is the next color?","Red","Blue","White","Yellow","A","Pattern alternates: Red, Blue. After Blue, the next is Red.","TRUE"
"Basic","A circle is divided into sectors: 2, 4, 8, __. What is the next number?","16 sectors","3","6","12","A","Each number is multiplied by 2: 2 × 2 = 4, 4 × 2 = 8. Next: 8 × 2 = 16.","TRUE"
"Basic","A sequence of shapes: Star, Circle, Star, Circle, __. What is the next shape?","Hexagon","Triangle","Star","Pentagon","C","Pattern alternates: Star, Circle. After Circle, the next is Star.","TRUE"
"Basic","A square rotates 45° clockwise each step. After four rotations, what is the position?","180° clockwise","315° clockwise","270° clockwise","360° clockwise","A","45° × 4 = 180° clockwise.","TRUE"
"Basic","A sequence of hexagons adds one side: 6, 7, 8, __. What is the next number?","9 sides","7 sides","5 sides","10 sides","A","Each number increases by 1: 6 + 1 = 7, 7 + 1 = 8. Next: 8 + 1 = 9.","TRUE"
"Basic","A sequence of shapes doubles: 1 triangle, 2 triangles, 4 triangles, __. What is the next number?","8 triangles","6 triangles","9 triangles","5 triangles","A","Each number is multiplied by 2: 1 × 2 = 2, 2 × 2 = 4. Next: 4 × 2 = 8.","TRUE"
"Basic","A sequence alternates: Filled Circle, Empty Circle, Filled Circle, __. What is the next shape?","45° clockwise","Square","Empty Circle","Filled Triangle","C","Pattern alternates: Filled, Empty. After Filled, the next is Empty Circle.","TRUE"
"Basic","A rectangle increases length by 1: 2×1, 3×1, 4×1, __. What is the next rectangle?","2×2","4×2","5×1","6×3","C","Lengths: 2, 3, 4. Next: 4 + 1 = 5. Rectangle is 5×1.","TRUE"
"Basic","A sequence of colors: Green, Yellow, Green, Yellow, __. What is the next color?","Green","Red","Blue","Yellow","A","Pattern alternates: Green, Yellow. After Yellow, the next is Green.","TRUE"
"Basic","A triangle increases sides: 3, 4, 5, __. What is the next number?","6 sides","7 sides","6 corners","5 sides","A","Each number increases by 1: 3 + 1 = 4, 4 + 1 = 5. Next: 5 + 1 = 6.","TRUE"
"Basic","A sequence of shapes: Square, Triangle, Square, Triangle, __. What is the next shape?","Square","Triangle","Circle","Hexagon","A","Pattern alternates: Square, Triangle. After Triangle, the next is Square.","TRUE"
"Basic","A circle increases radius by 1: r=1, r=2, r=3, __. What is the next radius?","r=4","r=3","r=5","r=2","A","Radii: 1, 2, 3. Next: 3 + 1 = 4.","TRUE"
"Basic","2 : 4 :: 6 : __","6 : 8","12","3 : 12","8 : 6","B","2 × 2 = 4. Similarly, 6 × 2 = 12.","TRUE"
"Basic","Circle : Square :: Triangle : __","Hexagon : Square","Square : Pentagon","Triangle : Hexagon","Quadrilateral","D","Circle and Square are shapes. Triangle is a shape; the next shape with one more side is Quadrilateral.","TRUE"
"Basic","1 : 3 :: 5 : __","1 : 3 :: 2 : 4","1 : 3 :: 3 : 5","15","1 : 3 :: 4 : 6","C","1 × 3 = 3. Similarly, 5 × 3 = 15.","TRUE"
"Basic","Red : Blue :: Yellow : __","Red -> Green (off-by-one in a rotation sequence)","Green -> Blue (swapping)","Green","Blue -> Red -> Green -> Yellow -> Orange","C","Red and Blue are colors. Yellow is a color; the next color in a simple sequence (e.g., rainbow) is Green.","TRUE"
"Basic","3 : 9 :: 4 : __","2 : 4","8 : 64","6 : 36","16","D","3² = 9. Similarly, 4² = 16.","TRUE"
"Basic","Star : Circle :: Pentagon : __","Octagon : Circle","Pentagon","Triangle : Circle","Starfish : Circle","B","Star and Circle are shapes. Pentagon is a shape; the next shape with same sides (5) is Pentagon.","TRUE"
"Basic","2 : 8 :: 3 : __","11","27","9","64","B","2³ = 8. Similarly, 3³ = 27.","TRUE"
"Basic","Small : Large :: Short : __","Short : Thin","Long","Small : Heavy","Tall : Wide","B","Small and Large are size opposites. Short’s opposite is Long.","TRUE"
"Basic","5 : 25 :: 6 : __","60","36","72","45","B","5² = 25. Similarly, 6² = 36.","TRUE"
"Basic","Triangle : 3 :: Square : __","4","5","6","8","A","Triangle has 3 sides. Square has 4 sides.","TRUE"
"Basic","1 : 2 :: 3 : __","6","11","5","8","A","1 × 2 = 2. Similarly, 3 × 2 = 6.","TRUE"
"Basic","Filled : Empty :: Black : __","75","White","None","Black","B","Filled and Empty are opposites. Black’s opposite is White.","TRUE"
"Basic","4 : 16 :: 5 : __","9","11","25","7","C","4² = 16. Similarly, 5² = 25.","TRUE"
"Basic","Circle : 0 :: Triangle : __","Triangle : 1","Triangle : 0","Circle : 0 and Triangle : 0","3","D","Circle has 0 sides. Triangle has 3 sides.","TRUE"
"Basic","2 : 6 :: 4 : __","12","5 × 3 = 15","2 × 3 = 6","4 × 3 = 12","A","2 × 3 = 6. Similarly, 4 × 3 = 12.","TRUE"
"Basic","Red : Circle :: Blue : __","Circle","Triangle : Square","Star : Triangle","Square : Circle","A","Red is a color, Circle is a shape. Blue is a color, so the shape remains Circle.","TRUE"
"Basic","3 : 12 :: 5 : __","15","20","30","25","B","3 × 4 = 12. Similarly, 5 × 4 = 20.","TRUE"
"Basic","Square : 4 :: Pentagon : __","5","5 : 5","5-sided polygon : 5","Hexagon : 6","A","Square has 4 sides. Pentagon has 5 sides.","TRUE"
"Basic","1 : 4 :: 2 : __","8","2 : 16","1 : 3 :: 2 : 5","1 : 1 :: 2 : 2","A","1 × 4 = 4. Similarly, 2 × 4 = 8.","TRUE"
"Basic","Up : Down :: Left : __","Square","45°","Right","8","C","Up and Down are opposite directions. Left’s opposite is Right.","TRUE"
"Basic","Matrix: [1, 2, 3; 4, 5, 6; 7, 8, __]. What is the missing number?","8","2","4","9","D","Numbers increase by 1: 1, 2, 3, 4, 5, 6, 7, 8. Next: 8 + 1 = 9.","TRUE"
"Basic","Matrix: [2, 4, 6; 8, 10, 12; 14, 16, __]. What is the missing number?","18","15","25","22","A","Each row increases by 2. Third row: 14, 16, 16 + 2 = 18.","TRUE"
"Basic","Matrix: [1, 3, 5; 7, 9, 11; 13, 15, __]. What is the missing number?","9","15","11","17","D","Numbers increase by 2: 1, 3, 5, 7, 9, 11, 13, 15. Next: 15 + 2 = 17.","TRUE"
"Basic","Matrix: [1, 4, 16; 2, 8, 32; 3, 12, __]. What is the missing number?","72","25","64","48","D","Each row: 1 × 4⁰, 1 × 4¹, 1 × 4²; 2 × 4⁰, 2 × 4¹, 2 × 4²; 3 × 4⁰, 3 × 4¹, 3 × 4².  
    Next: 3 × 4² = 48.","TRUE"
"Basic","Matrix: [Circle, Square, Triangle; Square, Triangle, Circle; Triangle, Circle, __]. What is the missing shape?","Hexagon","Square","7","45","B","Each column shifts shapes down: Circle → Square → Triangle; Square → Triangle → Circle; Triangle → Circle → Square.","TRUE"
"Basic","Matrix: [2, 3, 4; 5, 6, 7; 8, 9, __]. What is the missing number?","11","10","9","7","B","Numbers increase by 1: 2, 3, 4, 5, 6, 7, 8, 9. Next: 9 + 1 = 10.","TRUE"
"Basic","Matrix: [1, 2, 4; 8, 16, 32; 64, 128, __]. What is the missing number?","128","256","32","5","B","Each row doubles: 1, 2, 4; 8, 16, 32; 64, 128, 256.","TRUE"
"Basic","Matrix: [Red, Blue, Green; Blue, Green, Red; Green, Red, __]. What is the missing color?","Yellow","Blue","77","92","B","Each column shifts colors down: Red → Blue → Green; Blue → Green → Red; Green → Red → Blue.","TRUE"
"Basic","Matrix: [3, 6, 9; 12, 15, 18; 21, 24, __]. What is the missing number?","18","15","27","24","C","Each row increases by 3. Third row: 21, 24, 24 + 3 = 27.","TRUE"
"Basic","Matrix: [1, 3, 9; 2, 6, 18; 4, 12, __]. What is the missing number?","24","36","48","8","B","Each row multiplies by 3: 1, 3, 9; 2, 6, 18; 4, 12, 36.","TRUE"
"Basic","Matrix: [1, 4, 7; 10, 13, 16; 19, 22, __]. What is the missing number?","25","23","8","21","A","Numbers increase by 3: 1, 4, 7, 10, 13, 16, 19, 22. Next: 22 + 3 = 25.","TRUE"
"Basic","Matrix: [Star, Circle, Square; Circle, Square, Star; Square, Star, __]. What is the missing shape?","Diamond","Hexagon","Circle","Triangle","C","Each column shifts shapes down: Star → Circle → Square; Circle → Square → Star; Square → Star → Circle.","TRUE"
"Basic","Matrix: [2, 4, 8; 16, 32, 64; 128, 256, __]. What is the missing number?","256","64","1024","512","D","Each row doubles: 2, 4, 8; 16, 32, 64; 128, 256, 512.","TRUE"
"Basic","Matrix: [1, 5, 9; 13, 17, 21; 25, 29, __]. What is the missing number?","3","25","17","33","D","Numbers increase by 4: 1, 5, 9, 13, 17, 21, 25, 29. Next: 29 + 4 = 33.","TRUE"
"Basic","Matrix: [Filled, Empty, Filled; Empty, Filled, Empty; Filled, Empty, __]. What is the missing state?","Filled","Red","13","Square","A","Each column alternates: Filled → Empty → Filled; Empty → Filled → Empty; Filled → Empty → Filled.","TRUE"
"Basic","Matrix: [1, 2, 3; 4, 5, 6; 7, 8, __]. What is the missing number?","9","8","5","3","A","Numbers increase by 1: 1, 2, 3, 4, 5, 6, 7, 8. Next: 8 + 1 = 9.","TRUE"
"Basic","Matrix: [3, 9, 27; 2, 6, 18; 1, 3, __]. What is the missing number?","9","7","5","11","A","Each row multiplies by 3: 3, 9, 27; 2, 6, 18; 1, 3, 9.","TRUE"
"Basic","Matrix: [Green, Yellow, Red; Yellow, Red, Green; Red, Green, __]. What is the missing color?","Yellow","Blue","60","180°","A","Each column shifts colors down: Green → Yellow → Red; Yellow → Red → Green; Red → Green → Yellow.","TRUE"
"Basic","Matrix: [4, 8, 12; 16, 20, 24; 28, 32, __]. What is the missing number?","36 becomes 40","4 becomes 2","28 becomes 30","36","D","Each row increases by 4. Third row: 28, 32, 32 + 4 = 36.","TRUE"
"Basic","Matrix: [1, 4, 16; 2, 8, 32; 3, 12, __]. What is the missing number?","48","64","23","17","A","Each row: 1 × 4⁰, 1 × 4¹, 1 × 4²; 2 × 4⁰, 2 × 4¹, 2 × 4²; 3 × 4⁰, 3 × 4¹, 3 × 4².  
    Next: 3 × 4² = 48.","TRUE"
"Basic","Which is the odd one out: 2, 4, 6, 7, 8?","7","8","9","5","A","2, 4, 6, 8 are even. 7 is odd.","TRUE"
"Basic","Which is the odd one out: Circle, Square, Triangle, Pentagon, Star?","Rhombus","Hexagon","Circle","45","C","Circle has no sides; others have sides.","TRUE"
"Basic","Which is the odd one out: 1, 3, 5, 7, 10?","6","10","15","9","B","1, 3, 5, 7 are odd. 10 is even.","TRUE"
"Basic","Which is the odd one out: Red, Blue, Green, Yellow, Square?","Green","Blue","Yellow","Square","D","Red, Blue, Green, Yellow are colors. Square is a shape.","TRUE"
"Basic","Which is the odd one out: 4, 16, 25, 36, 49?","49","16","25","4","D","16, 25, 36, 49 are perfect squares (4², 5², 6², 7²). 4 is 2² but smaller.","TRUE"
"Basic","Which is the odd one out: Star, Circle, Square, Triangle, Hexagon?","Star","3","Circle","5","A","Star is not a regular polygon; others are.","TRUE"
"Basic","Which is the odd one out: 2, 6, 12, 20, 30?","5","18","2","8","C","Differences: 4, 6, 8, 10 increase by 2. 2 is not part of this pattern.","TRUE"
"Basic","Which is the odd one out: Filled, Empty, Filled, Empty, Red?","Red","Square","5","8","A","Filled, Empty are states. Red is a color.","TRUE"
"Basic","Which is the odd one out: 1, 4, 9, 16, 24?","24","25","36","8","A","1, 4, 9, 16 are squares (1², 2², 3², 4²). 24 is not.","TRUE"
"Basic","Which is the odd one out: Triangle, Square, Pentagon, Circle, Hexagon?","7","Circle","6","Square","B","Circle has no sides; others have sides.","TRUE"
"Basic","Which is the odd one out: 3, 6, 9, 12, 14?","8","15","14","6","C","3, 6, 9, 12 are multiples of 3. 14 is not.","TRUE"
"Basic","Which is the odd one out: Blue, Green, Yellow, Red, Triangle?","Blue","Hexagon","Triangle","5","C","Blue, Green, Yellow, Red are colors. Triangle is a shape.","TRUE"
"Basic","Which is the odd one out: 2, 8, 18, 32, 50?","32","2","18","50","B","2, 8, 18, 32, 50 are 1²+1, 2²+4, 3²+9, 4²+16, 5²+25. 2 deviates slightly.","TRUE"
"Basic","Which is the odd one out: Pentagon, Hexagon, Heptagon, Octagon, Circle?","Pentad","Hexadecagon","Heptadecagon","Circle","D","Circle has no sides; others are polygons.","TRUE"
"Basic","Which is the odd one out: 5, 10, 15, 20, 22?","17","21","22","10","C","5, 10, 15, 20 are multiples of 5. 22 is not.","TRUE"
"Basic","Which is the odd one out: Star, Filled Circle, Empty Circle, Square, Triangle?","Filled Square","Triangle with 4 sides","55","Star","D","Star is not a regular shape; others are.","TRUE"
"Basic","Which is the odd one out: 1, 2, 4, 7, 8?","8","7","2","4","B","1, 2, 4, 8 are powers of 2 (2⁰, 2¹, 2², 2³). 7 is not.","TRUE"
"Basic","Which is the odd one out: Red, Blue, Green, Circle, Yellow?","Triangle","Orange","75","Circle","D","Red, Blue, Green, Yellow are colors. Circle is a shape.","TRUE"
"Basic","Which is the odd one out: 3, 9, 27, 81, 82?","27 rotated 90 degrees clockwise","63","81","82","D","3, 9, 27, 81 are powers of 3 (3¹, 3², 3³, 3⁴). 82 is not.","TRUE"
"Basic","Which is the odd one out: Square, Triangle, Pentagon, Hexagon, Star?","Rhombus","Octagon","Circle","Star","D","Star is not a regular polygon; others are.","TRUE"
"Intermediate","Find the next number: 1, 3, 6, 10, 15, __","17","21","25","42","B","Differences: 3 - 1 = 2, 6 - 3 = 3, 10 - 6 = 4, 15 - 10 = 5. Differences increase by 1.  
   Next difference = 6. Next: 15 + 6 = 21.","TRUE"
"Intermediate","Find the next number: 2, 5, 11, 23, 47, __","47 * 2 + 2 = 96","47 * 2 - 4 = 90","47 / 2 + 47 = 47","95","D","Each number is obtained by doubling the previous and adding 1: 2 × 2 + 1 = 5, 5 × 2 + 1 = 11, 11 × 2 + 1 = 23, 23 × 2 + 1 = 47.  
   Next: 47 × 2 + 1 = 95.","TRUE"
"Intermediate","Find the next number: 1, 4, 10, 22, 46, __","46 + 18 = 64","46 + 16 = 62","94","46 + 14 = 60","C","Each number is obtained by doubling the previous and adding a sequence of 2, 2, 2, 2, ...:  
   1 × 2 + 2 = 4, 4 × 2 + 2 = 10, 10 × 2 + 2 = 22, 22 × 2 + 2 = 46.  
   Next: 46 × 2 + 2 = 94.","TRUE"
"Intermediate","Find the next number: 3, 6, 12, 21, 33, __","33 + 18 = 51","48","12 + 9 = 21","21 + 12 = 33","B","Differences: 3, 6, 9, 12. Differences increase by 3. Next difference = 15.  
   Next: 33 + 15 = 48.","TRUE"
"Intermediate","Find the next number: 2, 8, 18, 32, 50, __","62","72","52","82","B","Numbers follow: 1² + 1, 2² + 4, 3² + 9, 4² + 16, 5² + 25. Next: 6² + 36 = 36 + 36 = 72.","TRUE"
"Intermediate","Find the next number: 100, 96, 88, 76, 60, __","22","50","40","35","C","Differences: -4, -8, -12, -16. Differences decrease by 4. Next difference = -20.  
   Next: 60 - 20 = 40.","TRUE"
"Intermediate","Find the next number: 1, 2, 6, 24, 120, __","1200","504","7200","720","D","Each number is multiplied by increasing integers: 1 × 1 = 1, 1 × 2 = 2, 2 × 3 = 6, 6 × 4 = 24, 24 × 5 = 120.  
   Next: 120 × 6 = 720.","TRUE"
"Intermediate","Find the next number: 5, 7, 11, 19, 35, __","35 -> 19 + 16 (INCORRECT - wrong sequence)","67","67 -> 35 + 32 (INCORRECT - incorrect operation)","59 -> 35 + 24 (INCORRECT - calculation mistake)","B","Each number is obtained by adding increasing primes: 5 + 2 = 7, 7 + 4 = 11, 11 + 8 = 19, 19 + 16 = 35.  
   Next prime = 5 (doubled: 32). Next: 35 + 32 = 67.","TRUE"
"Intermediate","Find the next number: 4, 9, 25, 64, 144, __","361","289","22","81","B","Numbers are: 2², 3², 5², 8², 12². Bases: 2, 3, 5, 8, 12. Differences: 1, 2, 3, 4. Next base = 12 + 5 = 17.  
   Next: 17² = 289.","TRUE"
"Intermediate","Find the next number: 1, 5, 14, 30, 54, __","23","85","86","97","C","Differences: 4, 9, 16, 24. Second differences: 5, 7, 8. Next second difference ≈ 8.  
    Next difference = 24 + 8 = 32. Next: 54 + 32 = 86.","TRUE"
"Intermediate","Find the next number: 3, 12, 27, 48, 75, __","90","72","27","108","D","Numbers are: 1 × 3, 2 × 6, 3 × 9, 4 × 12, 5 × 15. Multipliers: 3, 6, 9, 12, 15 (+3).  
    Next: 6 × 18 = 108.","TRUE"
"Intermediate","Find the next number: 2, 3, 7, 22, 78, __","23","391","67","5","B","Each number is obtained by multiplying by increasing integers and adding 1:  
    2 × 1 + 1 = 3, 3 × 2 + 1 = 7, 7 × 3 + 1 = 22, 22 × 4 + 1 = 89.  
    Next: 78 × 5 + 1 = 391.","TRUE"
"Intermediate","Find the next number: 10, 20, 35, 55, 80, __","10 * 2 = 20","80 + 15 = 95","110","25 + 55 = 80","C","Differences: 10, 15, 20, 25. Differences increase by 5. Next difference = 30.  
    Next: 80 + 30 = 110.","TRUE"
"Intermediate","Find the next number: 1, 6, 16, 31, 51, __","76","81","46","7","A","Differences: 5, 10, 15, 20. Differences increase by 5. Next difference = 25.  
    Next: 51 + 25 = 76.","TRUE"
"Intermediate","Find the next number: 4, 16, 36, 64, 100, __","250","22","85","144","D","Numbers are: 2², 4², 6², 8², 10². Next: 12² = 144.","TRUE"
"Intermediate","Find the next number: 2, 4, 10, 28, 82, __","82 × 3 + 2 = 246","82 × 3 - 4 = 242","28 × 3 - 2 = 82","244","D","Each number is obtained by multiplying by 3 and subtracting 2:  
    2 × 3 - 2 = 4, 4 × 3 - 2 = 10, 10 × 3 - 2 = 28, 28 × 3 - 2 = 82.  
    Next: 82 × 3 - 2 = 244.","TRUE"
"Intermediate","Find the next number: 1, 3, 7, 15, 31, __","62","255","63","47","C","Each number is doubled and increased by 1: 1 × 2 + 1 = 3, 3 × 2 + 1 = 7, 7 × 2 + 1 = 15, 15 × 2 + 1 = 31.  
    Next: 31 × 2 + 1 = 63.","TRUE"
"Intermediate","Find the next number: 5, 10, 25, 80, 305, __","2197","1373","6546","1121","B","Each number is multiplied by increasing factors: 5 × 2 = 10, 10 × 2.5 = 25, 25 × 3.2 = 80, 80 × 3.8125 = 305.  
    Next factor ≈ 4.5. Next: 305 × 4.5 = 1372.5 ≈ 1373.","TRUE"
"Intermediate","Find the next number: 2, 5, 9, 14, 20, __","22","27","35","13","B","Differences: 3, 4, 5, 6. Differences increase by 1. Next difference = 7.  
    Next: 20 + 7 = 27.","TRUE"
"Intermediate","Find the next number: 100, 98, 93, 85, 74, __","73","67","60","92","C","Differences: -2, -5, -8, -11. Differences decrease by 3. Next difference = -14.  
    Next: 74 - 14 = 60.","TRUE"
"Intermediate","A square rotates 90° clockwise and adds one small square inside each step: 1, 2, 3, __. What is the next number of small squares?","2 small squares","5 small squares","3 small squares","4 small squares","D","Small squares increase by 1: 1, 2, 3. Next: 3 + 1 = 4.","TRUE"
"Intermediate","A triangle alternates colors (Red, Blue) and rotates 120° clockwise. After three steps, what is the color and rotation?","Blue, 120° rotation","Blue, 60° rotation","Red, 0° rotation","Red, 240° rotation","C","Colors: Red, Blue, Red. Rotation: 120° × 3 = 360° = 0°.","TRUE"
"Intermediate","A sequence of circles doubles and alternates fill: Filled (1), Empty (2), Filled (4), __. What is the next state and number?","Filled, 8 circles","Empty, 6 circles","Empty, 8 circles","Filled, 16 circles","C","Number doubles: 1, 2, 4, 8. Fill alternates: Filled, Empty, Filled, Empty.","TRUE"
"Intermediate","A pentagon increases sides by 1 and rotates 72° anticlockwise each step: Pentagon, Hexagon, Heptagon, __. What is the next shape and rotation?","Octagon, 288° anticlockwise","Octadecagon, 36° anticlockwise","Hexadecagon, 288° clockwise","Heptadecagon, 144° anticlockwise","A","Sides: 5, 6, 7, 8 (Octagon). Rotation: 72° × 4 = 288° anticlockwise.","TRUE"
"Intermediate","A sequence alternates shapes and colors: Circle (Red), Square (Blue), Circle (Red), Square (Blue), __. What is the next shape and color?","Square, Blue","Circle, Red","Circle, Blue","Square, Red","B","Pattern alternates: Circle (Red), Square (Blue). Next: Circle (Red).","TRUE"
"Intermediate","A rectangle doubles length and halves width: 2×4, 4×2, 8×1, __. What is the next rectangle?","16×0.25","8×0.25","16×0.5","4×0.5","C","Length: 2, 4, 8, 16. Width: 4, 2, 1, 0.5. Next: 16×0.5.","TRUE"
"Intermediate","A sequence of triangles adds one and alternates fill: 1 (Filled), 2 (Empty), 3 (Filled), __. What is the next number and state?","4 triangles, Empty","5 triangles, Filled","7 triangles, Filled","6 triangles, Empty","A","Number: 1, 2, 3, 4. Fill alternates: Filled, Empty, Filled, Empty.","TRUE"
"Intermediate","A square increases side length by 2 and rotates 45° clockwise: 2×2, 4×4, 6×6, __. What is the next square and rotation?","6×6, 0° clockwise","8×8, 45° clockwise","8×8, 180° clockwise","8×8, 270° clockwise","C","Side: 2, 4, 6, 8. Rotation: 45°, 90°, 135°, 180°.","TRUE"
"Intermediate","A sequence cycles colors (Red, Blue, Green) and shapes (Circle, Square): Circle (Red), Square (Blue), Circle (Green), Square (Red), Circle (Blue), __. What is the next shape and color?","55, Yellow","Square, Green","78, Purple","Triangle, Blue","B","Shapes alternate: Circle, Square. Colors cycle: Red, Blue, Green. Next: Square (Green).","TRUE"
"Intermediate","A circle is divided into sectors: 2, 4, 8, 16, __. What is the next number, and if it rotates 90° clockwise per step, what is the rotation?","8 sectors, 90° clockwise","16 sectors, 90° clockwise","32 sectors, 90° clockwise","32 sectors, 0°","C","Sectors double: 2, 4, 8, 16, 32. Rotation: 90° × 5 = 450° = 90°.","TRUE"
"Intermediate","A sequence alternates shapes: Star (Filled), Circle (Empty), Star (Filled), Circle (Empty), __. What is the next shape and state?","Star, Filled","Star, Empty","Circle, Empty","Circle, Filled","A","Pattern alternates: Star (Filled), Circle (Empty). Next: Star (Filled).","TRUE"
"Intermediate","A hexagon rotates 60° anticlockwise and adds one side: Hexagon, Heptagon, Octagon, __. What is the next shape and rotation?","Octadecagon, 240° clockwise","Hexadecagon, 300° anticlockwise","Heptagon, 300° anticlockwise","Nonagon, 240° anticlockwise","D","Sides: 6, 7, 8, 9 (Nonagon). Rotation: 60° × 4 = 240° anticlockwise.","TRUE"
"Intermediate","A sequence of squares adds 1 small square and alternates colors: 1 (Red), 2 (Blue), 3 (Red), __. What is the next number and color?","4 squares, Blue","4 squares, Red","3 squares, Blue","2 squares, Red","A","Squares: 1, 2, 3, 4. Colors alternate: Red, Blue, Red, Blue.","TRUE"
"Intermediate","A triangle doubles sides and rotates 120° clockwise: 3, 6, 12, __. What is the next number of sides and rotation?","15 sides, 240° clockwise","6 sides, 60° clockwise","20 sides, 180° clockwise","24 sides, 120° clockwise","D","Sides: 3, 6, 12, 24. Rotation: 120° × 4 = 480° = 120°.","TRUE"
"Intermediate","A sequence cycles shapes (Circle, Square, Triangle) and fills: Circle (Filled), Square (Empty), Triangle (Filled), Circle (Empty), Square (Filled), __. What is the next shape and state?","Triangle, Empty","Circle, Filled","Square, Empty","Triangle, Filled","A","Shapes cycle: Circle, Square, Triangle. Fill cycles: Filled, Empty, Filled. Next: Triangle (Empty).","TRUE"
"Intermediate","A rectangle increases width by 1 and doubles length: 2×1, 4×2, 8×3, __. What is the next rectangle?","16×5","8×6","32×3","16×4","D","Length: 2, 4, 8, 16. Width: 1, 2, 3, 4. Next: 16×4.","TRUE"
"Intermediate","A sequence of circles adds 2 and alternates fill: 2 (Filled), 4 (Empty), 6 (Filled), __. What is the next number and state?","10 circles, Empty","8 circles, Filled","6 circles, Empty","8 circles, Empty","D","Number: 2, 4, 6, 8. Fill alternates: Filled, Empty, Filled, Empty.","TRUE"
"Intermediate","A pentagon increases sides by 2 and rotates 36° clockwise: 5, 7, 9, __. What is the next shape and rotation?","11-gon, 36° counterclockwise","9-gon, 72° clockwise","11-gon, 144° clockwise","7-gon, 108° clockwise","C","Sides: 5, 7, 9, 11 (11-gon). Rotation: 36° × 4 = 144°.","TRUE"
"Intermediate","A sequence alternates shapes and colors: Triangle (Red), Square (Blue), Triangle (Red), Square (Blue), __. What is the next shape and color?","Square, Blue","Triangle, Red","Triangle, Blue","Hexagon, Red","B","Pattern alternates: Triangle (Red), Square (Blue). Next: Triangle (Red).","TRUE"
"Intermediate","A circle increases radius by 2 and rotates 45° anticlockwise: r=2, r=4, r=6, __. What is the next radius and rotation?","r=4, 270° anticlockwise","r=6, 225° anticlockwise","r=8, 180° anticlockwise","r=6, 90° anticlockwise","C","Radius: 2, 4, 6, 8. Rotation: 45° × 4 = 180° anticlockwise.","TRUE"
"Intermediate","2 : 6 :: 5 : __","8","22","15","20","C","2 × 3 = 6. Similarly, 5 × 3 = 15.","TRUE"
"Intermediate","Circle (Red) : Square (Blue) :: Triangle (Green) : __","Triangle (Red)","Square (Red)","Square (Green)","Circle (Blue)","B","Circle to Square changes shape, Red to Blue changes color. Triangle to Square, Green to Red (next color).","TRUE"
"Intermediate","3 : 12 :: 4 : __","16","9 : 36","2 : 8","6 : 24","A","3 × 4 = 12. Similarly, 4 × 4 = 16.","TRUE"
"Intermediate","Filled Circle : Empty Square :: Filled Triangle : __","Filled Triangle : Filled Diamond","Filled Triangle : Empty Circle","Filled Triangle : Filled Square","Empty Square","D","Filled to Empty changes state, Circle to Square changes shape. Filled Triangle to Empty Square.","TRUE"
"Intermediate","5 : 30 :: 6 : __","42","7 : 21","8 : 63","6 : 36","A","5 × (5 + 1) = 30. Similarly, 6 × (6 + 1) = 42.","TRUE"
"Intermediate","Star (3) : Circle (0) :: Pentagon (5) : __","Circle (0)","Hexagon (1)","Circle (4)","Pentagon (3)","A","Star (3 sides) to Circle (0 sides). Pentagon (5 sides) to Circle (0 sides).","TRUE"
"Intermediate","2 : 10 :: 3 : __","15","6","18","9","C","2 × (2 + 3) = 10. Similarly, 3 × (3 + 3) = 18.","TRUE"
"Intermediate","Red : Green :: Blue : __","Orange","Purple","Yellow","Brown","C","Red to Green is a color shift. Blue to Yellow (next in sequence: Red, Green, Blue, Yellow).","TRUE"
"Intermediate","4 : 20 :: 5 : __","4 : 16","25","25 : 40","5 : 24","B","4 × 5 = 20. Similarly, 5 × 5 = 25.","TRUE"
"Intermediate","Triangle (3) : Square (4) :: Pentagon (5) : __","Rhombus (6)","Hexagon (6)","Heptagon (7)","Octagon (8)","B","Triangle (3 sides) to Square (4 sides). Pentagon (5 sides) to Hexagon (6 sides).","TRUE"
"Intermediate","1 : 4 :: 3 : __","8","9","15","6","A","1 × 2 + 2 = 4. Similarly, 3 × 2 + 2 = 8.","TRUE"
"Intermediate","Filled : Empty :: Up : __","Down","Upward","Downward","Left","A","Filled to Empty is opposite. Up to Down is opposite.","TRUE"
"Intermediate","6 : 42 :: 7 : __","56","7^3 - 7 = 342","7^2 - 7 = 48","7^2 + 7 = 56","A","6 × (6 + 1) = 42. Similarly, 7 × (7 + 1) = 56.","TRUE"
"Intermediate","Circle (0) : Triangle (3) :: Square (4) : __","Pentagon (4)","Heptagon (7)","Hexagon (5)","Octagon (6)","B","Circle (0 sides) to Triangle (3 sides). Square (4 sides) to Heptagon (7 sides, +3).","TRUE"
"Intermediate","2 : 12 :: 4 : __","8","64","32","16","C","2 × (2 + 4) = 12. Similarly, 4 × (4 + 4) = 32.","TRUE"
"Intermediate","Red Circle : Blue Square :: Green Triangle : __","Red Triangle","Blue Circle","Green Circle","Red Square","D","Red to Blue, Circle to Square. Green to Red, Triangle to Square.","TRUE"
"Intermediate","3 : 15 :: 5 : __","7 : 35","24 : 48","25","6 : 30","C","3 × 5 = 15. Similarly, 5 × 5 = 25.","TRUE"
"Intermediate","Square (Filled) : Circle (Empty) :: Triangle (Filled) : __","Circle (Filled)","Triangle (Empty)","Square (Empty)","Circle (Empty)","D","Square to Circle changes shape, Filled to Empty changes state. Triangle to Circle, Filled to Empty.","TRUE"
"Intermediate","4 : 24 :: 6 : __","36","48","72","27","B","4 × (4 + 2) = 24. Similarly, 6 × (6 + 2) = 48.","TRUE"
"Intermediate","Pentagon (5) : Hexagon (6) :: Heptagon (7) : __","Nonagon (9)","Octagon (8)","Heptadecagon (17)","Hexadecagon (16)","B","Pentagon (5 sides) to Hexagon (6 sides). Heptagon (7 sides) to Octagon (8 sides).","TRUE"
"Intermediate","Matrix: [1, 4, 10; 2, 7, 16; 3, 10, __]. What is the missing number?","22","18","11","25","A","Columns: 1, 2, 3 (+1); 4, 7, 10 (+3); 10, 16, x (+6). Next: 16 + 6 = 22.","TRUE"
"Intermediate","Matrix: [2, 6, 12; 3, 12, 36; 4, 24, __]. What is the missing number?","Option 3: 108","Option 2: 48","72","Option 1: 60","C","Each row: 2 × 1, 2 × 3, 2 × 6; 3 × 1, 3 × 4, 3 × 12; 4 × 1, 4 × 6, 4 × 18.  
    Next: 4 × 18 = 72.","TRUE"
"Intermediate","Matrix: [Red, Blue, Green; Blue, Green, Red; Green, Red, __]. What is the missing color?","Purple","Yellow","25","Blue","D","Each column shifts down: Red → Blue → Green; Blue → Green → Red; Green → Red → Blue.","TRUE"
"Intermediate","Matrix: [1, 3, 6; 8, 10, 12; 15, 17, __]. What is the missing number?","19","11 becomes 9","16 becomes 14","19 becomes 20","A","Numbers increase by differences: 1, 3 (+2), 6 (+3), 8 (+2), 10 (+2), 12 (+2), 15 (+3), 17 (+2), x (+2).  
    Next: 17 + 2 = 19.","TRUE"
"Intermediate","Matrix: [Circle, Square, Triangle; Square, Triangle, Circle; Triangle, Circle, __]. What is the missing shape?","Rectangle","Diamond","5","Square","D","Each column shifts down: Circle → Square → Triangle; Square → Triangle → Circle; Triangle → Circle → Square.","TRUE"
"Intermediate","Matrix: [2, 8, 18; 3, 12, 24; 4, 16, __]. What is the missing number?","36","48","19","23","A","Each row: 2 × 1², 2 × 2², 2 × 3²; 3 × 1², 3 × 2², 3 × 3²; 4 × 1², 4 × 2², 4 × 3².  
    Next: 4 × 3² = 36.","TRUE"
"Intermediate","Matrix: [1, 5, 11; 2, 8, 17; 3, 11, __]. What is the missing number?","23","4","19","25","A","Columns: 1, 2, 3 (+1); 5, 8, 11 (+3); 11, 17, x (+6). Next: 17 + 6 = 23.","TRUE"
"Intermediate","Matrix: [Filled, Empty, Filled; Empty, Filled, Empty; Filled, Empty, __]. What is the missing state?","Square","Filled","50","90° clockwise","B","Each column alternates: Filled → Empty → Filled; Empty → Filled → Empty; Filled → Empty → Filled.","TRUE"
"Intermediate","Matrix: [4, 12, 24; 6, 18, 36; 8, 24, __]. What is the missing number?","48","18","72","42","A","Each row: 4 × 1, 4 × 3, 4 × 6; 6 × 1, 6 × 3, 6 × 6; 8 × 1, 8 × 3, 8 × 6.  
    Next: 8 × 6 = 48.","TRUE"
"Intermediate","Matrix: [1, 4, 16; 2, 8, 32; 3, 12, __]. What is the missing number?","96","48","24","36","B","Each row: 1 × 4⁰, 1 × 4¹, 1 × 4²; 2 × 4⁰, 2 × 4¹, 2 × 4²; 3 × 4⁰, 3 × 4¹, 3 × 4².  
    Next: 3 × 4² = 48.","TRUE"
"Intermediate","Matrix: [Star, Circle, Square; Circle, Square, Star; Square, Star, __]. What is the missing shape?","Triangle","Circle","52","8","B","Each column shifts down: Star → Circle → Square; Circle → Square → Star; Square → Star → Circle.","TRUE"
"Intermediate","Matrix: [2, 10, 26; 3, 15, 39; 4, 20, __]. What is the missing number?","52","34","58","6","A","Each row: 2 × (1 + 4), 2 × (5 + 0), 2 × (13 - 0); 3 × (1 + 4), 3 × 5, 3 × 13; 4 × (1 + 4), 4 × 5, 4 × 13.  
    Next: 4 × 13 = 52.","TRUE"
"Intermediate","Matrix: [1, 6, 14; 2, 8, 17; 3, 10, __]. What is the missing number?","15","13","22","20","D","Columns: 1, 2, 3 (+1); 6, 8, 10 (+2); 14, 17, x (+3). Next: 17 + 3 = 20.","TRUE"
"Intermediate","Matrix: [Red, Green, Blue; Green, Blue, Red; Blue, Red, __]. What is the missing color?","Purple","85","Green","27","C","Each column shifts down: Red → Green → Blue; Green → Blue → Red; Blue → Red → Green.","TRUE"
"Intermediate","Matrix: [3, 9, 18; 4, 12, 24; 5, 15, __]. What is the missing number?","19","30","27","21","B","Each row: 3 × 1, 3 × 3, 3 × 6; 4 × 1, 4 × 3, 4 × 6; 5 × 1, 5 × 3, 5 × 6.  
    Next: 5 × 6 = 30.","TRUE"
"Intermediate","Matrix: [1, 3, 7; 9, 11, 15; 17, 19, __]. What is the missing number?","13","5","23","29","C","Numbers increase by differences: 1, 3 (+2), 7 (+4), 9 (+2), 11 (+2), 15 (+4), 17 (+2), 19 (+2), x (+4).  
    Next: 19 + 4 = 23.","TRUE"
"Intermediate","Matrix: [2, 8, 20; 3, 12, 30; 4, 16, __]. What is the missing number?","6","40","36","48","B","Each row: 2 × 1, 2 × 4, 2 × 10; 3 × 1, 3 × 4, 3 × 10; 4 × 1, 4 × 4, 4 × 10.  
    Next: 4 × 10 = 40.","TRUE"
"Intermediate","Matrix: [Filled Circle, Empty Square, Filled Triangle; Empty Square, Filled Triangle, Filled Circle; Filled Triangle, Filled Circle, __]. What is the missing shape?","Square","Empty Square","Triangle","45","B","Each column shifts down: Circle → Square → Triangle; Square → Triangle → Circle; Triangle → Circle → Square.","TRUE"
"Intermediate","Matrix: [4, 16, 36; 5, 20, 45; 6, 24, __]. What is the missing number?","72","54","30","5","B","Each row: 4 × 1², 4 × 2², 4 × 3²; 5 × 1², 5 × 2², 5 × 3²; 6 × 1², 6 × 2², 6 × 3².  
    Next: 6 × 3² = 54.","TRUE"
"Intermediate","Matrix: [1, 5, 13; 2, 8, 20; 3, 11, __]. What is the missing number?","27","19","7","15","A","Columns: 1, 2, 3 (+1); 5, 8, 11 (+3); 13, 20, x (+7). Next: 20 + 7 = 27.","TRUE"
"Intermediate","Which is the odd one out: 3, 9, 18, 27, 36?","36","27","18","9","C","3, 9, 27, 36 are multiples of 3. 18 is not divisible by 3 evenly in this context.","TRUE"
"Intermediate","Which is the odd one out: Circle (Red), Square (Blue), Triangle (Green), Pentagon (Red), Star (Blue)?","Square","Star","55","14","B","Circle, Square, Triangle, Pentagon are polygons. Star is not.","TRUE"
"Intermediate","Which is the odd one out: 2, 6, 12, 20, 30?","5","2","14","18","B","Differences: 4, 6, 8, 10. 2 does not fit the pattern of increasing differences.","TRUE"
"Intermediate","Which is the odd one out: Filled Circle, Empty Square, Filled Triangle, Empty Pentagon, Red Hexagon?","Filled Circle","Red Hexagon","5","Empty Square","B","Filled, Empty are states. Red is a color.","TRUE"
"Intermediate","Which is the odd one out: 4, 16, 36, 64, 81?","13","Circle","81","200° clockwise","C","4, 16, 36, 64 are squares of even numbers (2², 4², 6², 8²). 81 is 9² (odd).","TRUE"
"Intermediate","Which is the odd one out: Star, Circle, Square, Triangle, Filled Pentagon?","Filled Pentagon","5","Square","Triangle","A","Filled Pentagon has a state; others are shapes only.","TRUE"
"Intermediate","Which is the odd one out: 1, 5, 14, 30, 54?","28","2","54","13","C","Differences: 4, 9, 16, 24. 54 does not fit the pattern of increasing differences.","TRUE"
"Intermediate","Which is the odd one out: Red, Blue, Green, Yellow, Empty?","Empty","Square","Purple","17","A","Red, Blue, Green, Yellow are colors. Empty is a state.","TRUE"
"Intermediate","Which is the odd one out: 2, 8, 20, 40, 70?","Circle","35","240°","70","D","Differences: 6, 12, 20, 30. 70 does not fit the pattern.","TRUE"
"Intermediate","Which is the odd one out: Triangle, Square, Pentagon, Circle, Hexagon?","Hexagon","Circle","17","3","B","Circle has no sides; others are polygons.","TRUE"
"Intermediate","Which is the odd one out: 3, 12, 27, 48, 76?","76","36","90","23","A","Numbers are: 1 × 3, 2 × 6, 3 × 9, 4 × 12, 5 × 15. 76 ≠ 5 × 15.","TRUE"
"Intermediate","Which is the odd one out: Blue Circle, Red Square, Green Triangle, Yellow Pentagon, Star?","Triangle","5","80°","Star","D","Star has no color; others have colors.","TRUE"
"Intermediate","Which is the odd one out: 5, 10, 25, 80, 305?","305","45","Square","120° clockwise","A","Each number is multiplied by increasing factors. 305 does not fit exactly.","TRUE"
"Intermediate","Which is the odd one out: Pentagon, Hexagon, Heptagon, Octagon, Filled Circle?","Filled Pentagon","Heptadecagon","Filled Circle","Nonagon","C","Filled Circle has a state; others are shapes.","TRUE"
"Intermediate","Which is the odd one out: 2, 5, 9, 14, 22?","22","5","14","9","A","Differences: 3, 4, 5, 8. 22 does not fit the pattern.","TRUE"
"Intermediate","Which is the odd one out: Filled Star, Empty Circle, Filled Square, Empty Triangle, Green Pentagon?","Green Pentagon","Empty Square with an extra corner","Filled Star with a red border","Filled Triangle with an empty center","A","Green is a color; others are states.","TRUE"
"Intermediate","Which is the odd one out: 1, 3, 7, 15, 30?","30","5","11","29","A","Each number doubles and adds 1. 30 does not fit.","TRUE"
"Intermediate","Which is the odd one out: Red, Blue, Circle, Green, Yellow?","Square","Triangle","5","Circle","D","Circle is a shape; others are colors.","TRUE"
"Intermediate","Which is the odd one out: 4, 16, 36, 100, 144?","100","36","16","144 (contextual)","D","4, 16, 36, 100 are squares of even numbers (2², 4², 6², 10²). 144 is 12² but fits.","TRUE"
"Intermediate","Which is the odd one out: Square (Red), Triangle (Blue), Pentagon (Green), Hexagon (Yellow), Star (Filled)?","Star","Filled","Blue","13","A","Star has a state (Filled); others have colors.","TRUE"
"Advanced","Find the next number: 1, 2, 6, 24, 120, 720, __","1200","50400","7200","5040","D","Each number is multiplied by increasing integers (factorial): 1 × 1 = 1, 1 × 2 = 2, 2 × 3 = 6, 6 × 4 = 24, 24 × 5 = 120, 120 × 6 = 720.  
   Next: 720 × 7 = 5040.","TRUE"
"Advanced","Find the next number: 3, 7, 18, 44, 94, 182, __","46","91","330","194","C","Differences: 4, 11, 26, 50, 88. Second differences: 7, 15, 24, 38. Third differences: 8, 9, 14. Next third difference ≈ 22.  
   Second difference = 38 + 22 = 60. First difference = 88 + 60 = 148. Next: 182 + 148 = 330.","TRUE"
"Advanced","Find the next number: 2, 5, 14, 41, 122, 365, __","365 × 1 + 9 = 374","365 × 3 + 7 = 1098","365 × 2 + 8 = 738","1094","D","Each number is multiplied by 3 and subtracted by 1: 2 × 3 - 1 = 5, 5 × 3 - 1 = 14, 14 × 3 - 1 = 41, 41 × 3 - 1 = 122, 122 × 3 - 1 = 365.  
   Next: 365 × 3 - 1 = 1094.","TRUE"
"Advanced","Find the next number: 1, 4, 13, 40, 121, 364, __","1093","364 + 2^2 * 11^2 = 1093","1109","1111","A","Each number is multiplied by 3 and increased by 1: 1 × 3 + 1 = 4, 4 × 3 + 1 = 13, 13 × 3 + 1 = 40, 40 × 3 + 1 = 121, 121 × 3 + 1 = 364.  
   Next: 364 × 3 + 1 = 1093.","TRUE"
"Advanced","Find the next number: 5, 10, 22, 49, 103, 208, __","421 -> 103 + 318 = incorrect","429 -> incorrect increment pattern","421","423 -> incorrect increment pattern","C","Each number is approximately doubled and increased by a sequence: 5 × 2 = 10, 10 × 2 + 2 = 22, 22 × 2 + 5 = 49, 49 × 2 + 5 = 103, 103 × 2 + 2 = 208.  
   Pattern alternates +2, +5. Next: 208 × 2 + 5 = 421.","TRUE"
"Advanced","Find the next number: 100, 95, 85, 70, 50, 25, __","-5","20","10","15","A","Differences: -5, -10, -15, -20, -25. Differences decrease by 5. Next difference = -30.  
   Next: 25 - 30 = -5.","TRUE"
"Advanced","Find the next number: 2, 6, 15, 31, 56, 92, __","141","74","17","5","A","Differences: 4, 9, 16, 25, 36 (squares: 2², 3², 4², 5², 6²). Next difference = 7² = 49.  
   Next: 92 + 49 = 141.","TRUE"
"Advanced","Find the next number: 1, 3, 10, 32, 94, 250, __","197","7","812","46","C","Each number follows: 1 × 3 - 0 = 3, 3 × 3 + 1 = 10, 10 × 3 + 2 = 32, 32 × 3 - 2 = 94, 94 × 3 - 32 = 250.  
   Additions/subtractions: 0, +1, +2, -2, -32. Next: +62 (alternating signs, squares). Next: 250 × 3 + 62 = 812.","TRUE"
"Advanced","Find the next number: 4, 12, 30, 66, 132, 240, __","1320","360","198","402","D","Differences: 8, 18, 36, 66, 108. Second differences: 10, 18, 30, 42. Third differences: 8, 12, 12. Next: 42 + 12 = 54.  
   First difference = 108 + 54 = 162. Next: 240 + 162 = 402.","TRUE"
"Advanced","Find the next number: 1, 5, 16, 44, 104, 224, __","22","452","88","17","B","Differences: 4, 11, 28, 60, 120. Second differences: 7, 17, 32, 60. Third differences: 10, 15, 28. Next ≈ 48.  
    Second difference = 60 + 48 = 108. First difference = 120 + 108 = 228. Next: 224 + 228 = 452.","TRUE"
"Advanced","Find the next number: 3, 9, 22, 46, 88, 158, __","271","294","169","272","D","Differences: 6, 13, 24, 42, 70. Second differences: 7, 11, 18, 28. Third differences: 4, 7, 10. Next ≈ 16.  
    Second difference = 28 + 16 = 44. First difference = 70 + 44 = 114. Next: 158 + 114 = 272.","TRUE"
"Advanced","Find the next number: 2, 4, 11, 29, 74, 182, __","442","441","183","184","A","Each number follows: 2 × 2 - 0 = 4, 4 × 3 - 1 = 11, 11 × 3 - 4 = 29, 29 × 3 - 13 = 74, 74 × 3 - 40 = 182.  
    Subtractions: 0, 1, 4, 13, 40 (Fibonacci-like). Next: 104. Next: 182 × 3 - 104 = 442.","TRUE"
"Advanced","Find the next number: 10, 20, 35, 65, 140, 350, __","720","850","980","900","C","Each number is multiplied by increasing factors: 10 × 2 = 20, 20 × 1.75 = 35, 35 × 1.857 = 65, 65 × 2.154 = 140, 140 × 2.5 = 350.  
    Next factor ≈ 2.8. Next: 350 × 2.8 = 980.","TRUE"
"Advanced","Find the next number: 1, 6, 18, 45, 103, 224, __","104","218","479","472","D","Differences: 5, 12, 27, 58, 121. Second differences: 7, 15, 31, 63. Third differences: 8, 16, 32 (doubles).  
    Next: 64. Second difference = 63 + 64 = 127. First difference = 121 + 127 = 248. Next: 224 + 248 = 472.","TRUE"
"Advanced","Find the next number: 5, 15, 35, 65, 105, 155, __","155","35","85","215","D","Differences: 10, 20, 30, 40, 50. Differences increase by 10. Next difference = 60.  
    Next: 155 + 60 = 215.","TRUE"
"Advanced","Find the next number: 2, 7, 17, 37, 77, 157, __","187","317","137","227","B","Differences: 5, 10, 20, 40, 80 (doubles). Next difference = 160.  
    Next: 157 + 160 = 317.","TRUE"
"Advanced","Find the next number: 1, 4, 12, 36, 108, 324, __","324*4 = 1296","324*3 = 972","972","324*5 = 1620","C","Each number is multiplied by 3: 1 × 3 = 4, 4 × 3 = 12, 12 × 3 = 36, 36 × 3 = 108, 108 × 3 = 324.  
    Next: 324 × 3 = 972.","TRUE"
"Advanced","Find the next number: 3, 8, 22, 60, 164, 446, __","1202","3 × 3 = 9","446 + 1 = 447","60 × 2 = 120","A","Each number is multiplied by 3 and subtracted by a sequence: 3 × 3 - 1 = 8, 8 × 3 - 2 = 22, 22 × 3 - 6 = 60, 60 × 3 - 16 = 164, 164 × 3 - 46 = 446.  
    Subtractions: 1, 2, 6, 16, 46 (+1, ×3). Next: 136. Next: 446 × 3 - 136 = 1202.","TRUE"
"Advanced","Find the next number: 2, 5, 13, 35, 94, 248, __","13 + 2*22 = 57","656","94 + 2*35 = 164","5 + 2*8 = 21","B","Each number follows: 2 × 2 + 1 = 5, 5 × 3 - 2 = 13, 13 × 3 - 4 = 35, 35 × 3 - 11 = 94, 94 × 3 - 34 = 248.  
    Subtractions: 0, 2, 4, 11, 34 (Fibonacci-like). Next: 88. Next: 248 × 3 - 88 = 656.","TRUE"
"Advanced","Find the next number: 100, 98, 92, 80, 62, 38, __","8","42","22","76","A","Differences: -2, -6, -12, -18, -24. Second differences: -4, -6, -6, -6. Next difference = -30.  
    Next: 38 - 30 = 8.","TRUE"
"Advanced","A square rotates 90° clockwise, doubles small squares inside, and alternates colors (Red, Blue): 1 (Red), 2 (Blue), 4 (Red), __. What is the next number, color, and rotation?","5, Blue, 90°","8 squares, Blue, 0° rotation","3, Red, 270°","7, Red, 180°","B","Squares: 1, 2, 4, 8 (doubles). Colors: Red, Blue, Red, Blue. Rotation: 90° × 4 = 360° = 0°.","TRUE"
"Advanced","A triangle rotates 120° anticlockwise, adds 1 side, and cycles fills (Filled, Empty, Half): Triangle (Filled), Quadrilateral (Empty), Pentagon (Half), __. What is the next shape, fill, and rotation?","Pentagon, Half, 240° clockwise","Pentagon, Empty, 240° clockwise","Hexagon, Filled, 120° anticlockwise","Hexagon, Empty, 120° clockwise","C","Sides: 3, 4, 5, 6 (Hexagon). Fill: Filled, Empty, Half, Filled. Rotation: 120° × 4 = 480° = 120°.","TRUE"
"Advanced","A circle doubles sectors and alternates fill and color (Red Filled, Blue Empty): 2 (Red Filled), 4 (Blue Empty), 8 (Red Filled), __. What is the next number, fill, and color?","16 sectors, Red Filled","12 sectors, Red Filled","16 sectors, Blue Empty","8 sectors, Blue Empty","C","Sectors: 2, 4, 8, 16 (doubles). Fill/Color: Red Filled, Blue Empty, Red Filled, Blue Empty.","TRUE"
"Advanced","A pentagon rotates 72° clockwise, increases sides by 2, and cycles colors (Red, Blue, Green): Pentagon (Red), Heptagon (Blue), Nonagon (Green), __. What is the next shape, color, and rotation?","11-gon, Red, 288° clockwise","Heptadecagon (Red), 13-gon (Blue), 36° clockwise","Pentagon (Red), Dodecagon (Green), 72° counterclockwise","Nonagon (Green), 11-gon (Red), 360° counterclockwise","A","Sides: 5, 7, 9, 11 (11-gon). Colors: Red, Blue, Green, Red. Rotation: 72° × 4 = 288°.","TRUE"
"Advanced","A sequence alternates shapes (Circle, Square), doubles count, and cycles colors (Red, Blue): 1 Circle (Red), 2 Squares (Blue), 4 Circles (Red), __. What is the next shape, number, and color?","7 Circles, Red","16 Circles, Red","8 Squares, Blue","12 Triangles, Blue","C","Shapes: Circle, Square, Circle, Square. Number: 1, 2, 4, 8. Colors: Red, Blue, Red, Blue.","TRUE"
"Advanced","A rectangle triples length, halves width, and rotates 90° anticlockwise: 3×4, 9×2, 27×1, __. What is the next rectangle and rotation?","81×3, 270° rotation","81×2, 90° rotation","27×4, 90° rotation","81×0.5, 0° rotation","D","Length: 3, 9, 27, 81. Width: 4, 2, 1, 0.5. Rotation: 90° × 4 = 360° = 0°.","TRUE"
"Advanced","A sequence of triangles adds 2, cycles fills (Filled, Empty), and rotates 60° clockwise: 2 (Filled), 4 (Empty), 6 (Filled), __. What is the next number, fill, and rotation?","6, Empty, 120° clockwise","8, Filled, 300° clockwise","2, Filled, 180° clockwise","8 triangles, Empty, 240° clockwise","D","Number: 2, 4, 6, 8. Fill: Filled, Empty, Filled, Empty. Rotation: 60° × 4 = 240°.","TRUE"
"Advanced","A square increases side by 3, adds 1 small square, and cycles colors (Red, Blue, Green): 3×3 (1 Red), 6×6 (2 Blue), 9×9 (3 Green), __. What is the next square, number, and color?","12×12, 5 squares, Blue","12×12, 4 squares, Red","15×15, 4 squares, Green","10×10, 3 squares, Red","B","Side: 3, 6, 9, 12. Squares: 1, 2, 3, 4. Colors: Red, Blue, Green, Red.","TRUE"
"Advanced","A sequence cycles shapes (Circle, Square, Triangle), doubles count, and alternates fills: 1 Circle (Filled), 2 Squares (Empty), 4 Triangles (Filled), __. What is the next shape, number, and fill?","8 Circles, Empty","12 Triangles, Filled","5 Squares, Filled","9 Triangles, Empty","A","Shapes: Circle, Square, Triangle, Circle. Number: 1, 2, 4, 8. Fill: Filled, Empty, Filled, Empty.","TRUE"
"Advanced","A circle quadruples sectors, rotates 45° clockwise, and cycles colors (Red, Blue): 4 (Red), 16 (Blue), 64 (Red), __. What is the next number, color, and rotation?","256 sectors, Red, 90° clockwise","32 sectors, Blue, 315° clockwise","256 sectors, Blue, 180° clockwise","512 sectors, Blue, 270° clockwise","C","Sectors: 4, 16, 64, 256 (×4). Colors: Red, Blue, Red, Blue. Rotation: 45° × 4 = 180°.","TRUE"
"Advanced","A sequence alternates shapes (Star, Circle), triples count, and cycles fills (Filled, Empty): 1 Star (Filled), 3 Circles (Empty), 9 Stars (Filled), __. What is the next shape, number, and fill?","27 Circles, Empty","45 Stars, Empty","81 Circles, Filled","5 Stars, Filled","A","Shapes: Star, Circle, Star, Circle. Number: 1, 3, 9, 27. Fill: Filled, Empty, Filled, Empty.","TRUE"
"Advanced","A hexagon rotates 60° anticlockwise, adds 3 sides, and cycles colors (Red, Blue, Green): Hexagon (Red), Nonagon (Blue), 12-gon (Green), __. What is the next shape, color, and rotation?","7-gon, Blue, 320° clockwise","15-gon, Red, 240° anticlockwise","14-gon, Yellow, 120° anticlockwise","10-gon, Green, 180° clockwise","B","Sides: 6, 9, 12, 15 (15-gon). Colors: Red, Blue, Green, Red. Rotation: 60° × 4 = 240°.","TRUE"
"Advanced","A sequence of squares triples small squares and alternates colors (Red, Blue): 3 (Red), 9 (Blue), 27 (Red), __. What is the next number, color, and rotation (90° clockwise)?","81 squares, Blue, 0° rotation","81 squares, Red, 90° rotation","27 squares, Blue, 90° rotation","81 squares, Blue, 180° rotation","A","Squares: 3, 9, 27, 81 (×3). Colors: Red, Blue, Red, Blue. Rotation: 90° × 4 = 360° = 0°.","TRUE"
"Advanced","A triangle doubles sides, rotates 120° clockwise, and cycles fills (Filled, Empty, Half): 3 (Filled), 6 (Empty), 12 (Half), __. What is the next shape, fill, and rotation?","24-gon, Filled, 120° clockwise","24-heptagon, Filled, 240° clockwise","18-gon, Half, 240° clockwise","22-gon, Empty, 60° clockwise","A","Sides: 3, 6, 12, 24. Fill: Filled, Empty, Half, Filled. Rotation: 120° × 4 = 480° = 120°.","TRUE"
"Advanced","A sequence cycles shapes (Circle, Square, Triangle), quadruples count, and cycles colors (Red, Blue, Green): 1 Circle (Red), 4 Squares (Blue), 16 Triangles (Green), __. What is the next shape, number, and color?","64 Circles, Red","64 Triangles, Red","256 Squares, Green","1 Square, Blue","A","Shapes: Circle, Square, Triangle, Circle. Number: 1, 4, 16, 64. Colors: Red, Blue, Green, Red.","TRUE"
"Advanced","A rectangle doubles length, adds 2 to width, and rotates 90° clockwise: 2×3, 4×5, 8×7, __. What is the next rectangle and rotation?","16×9, 0° rotation","16×5, 90° clockwise rotation","4×6, 0° rotation","8×9, 90° counter-clockwise rotation","A","Length: 2, 4, 8, 16. Width: 3, 5, 7, 9. Rotation: 90° × 4 = 360° = 0°.","TRUE"
"Advanced","A sequence of circles adds 3, cycles fills (Filled, Empty, Half), and rotates 45° anticlockwise: 3 (Filled), 6 (Empty), 9 (Half), __. What is the next number, fill, and rotation?","11, Empty, 90°","5, Filled, 225°","8, Half, 135°","12 circles, Filled, 180° anticlockwise","D","Number: 3, 6, 9, 12. Fill: Filled, Empty, Half, Filled. Rotation: 45° × 4 = 180°.","TRUE"
"Advanced","A pentagon adds 4 sides, rotates 36° clockwise, and alternates colors (Red, Blue): 5 (Red), 9 (Blue), 13 (Red), __. What is the next shape, color, and rotation?","17-gon, Blue, 144° clockwise","17-hexagon, Red, 108° clockwise","15-heptagon, Blue, 72° clockwise","19-octagon, Red, 216° clockwise","A","Sides: 5, 9, 13, 17 (17-gon). Colors: Red, Blue, Red, Blue. Rotation: 36° × 4 = 144°.","TRUE"
"Advanced","A sequence alternates shapes (Triangle, Square), triples count, and cycles colors (Red, Blue): 1 Triangle (Red), 3 Squares (Blue), 9 Triangles (Red), __. What is the next shape, number, and color?","1 Square, Blue","81 Triangles, Red","27 Squares, Blue","27 Triangles, Red","C","Shapes: Triangle, Square, Triangle, Square. Number: 1, 3, 9, 27. Colors: Red, Blue, Red, Blue.","TRUE"
"Advanced","A circle increases radius by 3, rotates 60° anticlockwise, and cycles fills (Filled, Empty): r=3 (Filled), r=6 (Empty), r=9 (Filled), __. What is the next radius, fill, and rotation?","r=12, Empty, 240° anticlockwise","r=8, Filled, 120° anticlockwise","r=10, Filled, 180° anticlockwise","r=4, Empty, 300° anticlockwise","A","Radius: 3, 6, 9, 12. Fill: Filled, Empty, Filled, Empty. Rotation: 60° × 4 = 240°.","TRUE"
"Advanced","2 : 12 :: 5 : __","15","20","35","45","D","2 × (2 + 4) = 12. Similarly, 5 × (5 + 4) = 45.","TRUE"
"Advanced","Circle (Red Filled) : Square (Blue Empty) :: Triangle (Green Half) : __","Triangle (Blue Empty)","Square (Red Filled)","Circle (Blue Empty)","Square (Green Half)","B","Circle to Square (shape), Red to Blue (color), Filled to Empty (state). Triangle to Square, Green to Red, Half to Filled.","TRUE"
"Advanced","3 : 24 :: 4 : __","18","5","9","36","D","3 × (3 + 5) = 24. Similarly, 4 × (4 + 5) = 36.","TRUE"
"Advanced","Filled Circle (3) : Empty Square (4) :: Half Triangle (3) : __","Filled Circle (3) : Empty Square (3)","Filled Square (3)","Filled Square (4)","Half Triangle (3) : Empty Square (4)","C","Filled to Empty (state), Circle to Square (shape +1 side), 3 to 4 (sides). Half to Filled, Triangle to Square, 3 to 4.","TRUE"
"Advanced","5 : 60 :: 6 : __","6 × 13 - 1 = 79","78","6 × 13 + 1 = 83","6 × 12 + 1 = 73","B","5 × (5 + 7) = 60. Similarly, 6 × (6 + 7) = 78.","TRUE"
"Advanced","Star (5 Red) : Circle (0 Blue) :: Pentagon (5 Green) : __","Pentagon (0 Blue)","Circle (5 Green)","Circle (0 Red)","Triangle (0 Red)","C","Star to Circle (shape, sides 5→0), Red to Blue (color). Pentagon to Circle, Green to Red.","TRUE"
"Advanced","2 : 20 :: 3 : __","33","32","30","34","A","2 × (2 + 8) = 20. Similarly, 3 × (3 + 8) = 33.","TRUE"
"Advanced","Red Filled : Blue Empty :: Green Half : __","Green Full","Red Filled","Red Empty","Blue Half","B","Red to Blue (color), Filled to Empty (state). Green to Red, Half to Filled.","TRUE"
"Advanced","4 : 40 :: 5 : __","45","60","50","55","D","4 × (4 + 6) = 40. Similarly, 5 × (5 + 6) = 55.","TRUE"
"Advanced","Triangle (3 Filled) : Square (4 Empty) :: Pentagon (5 Half) : __","Octagon (6 Empty)","Hexagon (5 Half)","Square (5 Half)","Hexagon (6 Filled)","D","Triangle to Square (+1 side), Filled to Empty. Pentagon to Hexagon, Half to Filled.","TRUE"
"Advanced","1 : 6 :: 3 : __","9 : 54","18 : 108","24","36 : 216","C","1 × (1 + 5) = 6. Similarly, 3 × (3 + 5) = 24.","TRUE"
"Advanced","Filled Circle : Empty Square :: Half Triangle : __","Filled Square : Empty Triangle","Empty Square : Filled Circle","Filled Square","Filled Triangle : Empty Circle","C","Filled to Empty (state), Circle to Square (shape). Half to Filled, Triangle to Square.","TRUE"
"Advanced","6 : 84 :: 7 : __","729 : 105","7 : 84","13 : 105","105","D","6 × (6 + 8) = 84. Similarly, 7 × (7 + 8) = 105.","TRUE"
"Advanced","Circle (0 Red) : Triangle (3 Blue) :: Square (4 Green) : __","Pentagon (5 Yellow)","Heptagon (7 Red)","Hexagon (6 Blue)","Octagon (8 Purple)","B","Circle to Triangle (+3 sides), Red to Blue. Square to Heptagon (+3), Green to Red.","TRUE"
"Advanced","2 : 18 :: 4 : __","44","48","36","22","A","2 × (2 + 7) = 18. Similarly, 4 × (4 + 7) = 44.","TRUE"
"Advanced","Red Circle (Filled) : Blue Square (Empty) :: Green Triangle (Half) : __","Red Square (Filled)","Red Triangle (Half)","Green Circle (Filled)","Blue Circle (Filled)","A","Red to Blue, Circle to Square, Filled to Empty. Green to Red, Triangle to Square, Half to Filled.","TRUE"
"Advanced","3 : 30 :: 5 : __","6 : 6","60","2 : 15","4 : 20","B","3 × (3 + 7) = 30. Similarly, 5 × (5 + 7) = 60.","TRUE"
"Advanced","Square (4 Filled) : Circle (0 Empty) :: Triangle (3 Half) : __","Triangle (3 Empty)","Square (4 Half)","Circle (0 Half)","Circle (0 Filled)","D","Square to Circle (-4 sides), Filled to Empty. Triangle to Circle (-3), Half to Filled.","TRUE"
"Advanced","4 : 48 :: 6 : __","6 × 8 = 48","84","6 × 14 = 84","4 × 12 = 48","B","4 × (4 + 8) = 48. Similarly, 6 × (6 + 8) = 84.","TRUE"
"Advanced","Pentagon (5 Red) : Hexagon (6 Blue) :: Heptagon (7 Green) : __","Octagon (8 Blue) : Nonagon (9 Green)","Hexagon (6 Green) : Heptagon (7 Red)","Octagon (8 Red)","Heptagon (7 Blue) : Nonagon (9 Green)","C","Pentagon to Hexagon (+1 side), Red to Blue. Heptagon to Octagon, Green to Red.","TRUE"
"Advanced","Matrix: [1, 6, 16; 2, 8, 20; 3, 10, __]. What is the missing number?","7","12","22","24","D","Columns: 1, 2, 3 (+1); 6, 8, 10 (+2); 16, 20, x (+4). Next: 20 + 4 = 24.","TRUE"
"Advanced","Matrix: [2, 12, 36; 3, 18, 54; 4, 24, __]. What is the missing number?","72","48","24","90","A","Each row: 2 × 1, 2 × 6, 2 × 18; 3 × 1, 3 × 6, 3 × 18; 4 × 1, 4 × 6, 4 × 18.  
    Next: 4 × 18 = 72.","TRUE"
"Advanced","Matrix: [Red Filled, Blue Empty, Green Half; Blue Empty, Green Half, Red Filled; Green Half, Red Filled, __]. What is the missing state?","Blue Filled","Green Empty","Blue Empty","Red Half","C","Each column shifts down: Red Filled → Blue Empty → Green Half; Blue Empty → Green Half → Red Filled; Green Half → Red Filled → Blue Empty.","TRUE"
"Advanced","Matrix: [1, 5, 14; 2, 8, 20; 3, 11, __]. What is the missing number?","37","42","17","26","D","Columns: 1, 2, 3 (+1); 5, 8, 11 (+3); 14, 20, x (+6). Next: 20 + 6 = 26.","TRUE"
"Advanced","Matrix: [Circle Red, Square Blue, Triangle Green; Square Blue, Triangle Green, Circle Red; Triangle Green, Circle Red, __]. What is the missing shape?","Triangle Blue","Circle Green","Square Blue","Square Red","C","Each column shifts down: Circle Red → Square Blue → Triangle Green; Square Blue → Triangle Green → Circle Red; Triangle Green → Circle Red → Square Blue.","TRUE"
"Advanced","Matrix: [4, 16, 40; 5, 20, 50; 6, 24, __]. What is the missing number?","30","60","48","75","B","Each row: 4 × 1, 4 × 4, 4 × 10; 5 × 1, 5 × 4, 5 × 10; 6 × 1, 6 × 4, 6 × 10.  
    Next: 6 × 10 = 60.","TRUE"
"Advanced","Matrix: [1, 7, 19; 2, 10, 25; 3, 13, __]. What is the missing number?","8","20","31","15","C","Columns: 1, 2, 3 (+1); 7, 10, 13 (+3); 19, 25, x (+6). Next: 25 + 6 = 31.","TRUE"
"Advanced","Matrix: [Filled Circle, Empty Square, Half Triangle; Empty Square, Half Triangle, Filled Circle; Half Triangle, Filled Circle, __]. What is the missing shape?","Half Triangle","Empty Square","Empty Circle","Filled Circle","B","Each column shifts down: Circle → Square → Triangle; Square → Triangle → Circle; Triangle → Circle → Square.","TRUE"
"Advanced","Matrix: [3, 12, 30; 4, 16, 40; 5, 20, __]. What is the missing number?","35","48","55","50","D","Each row: 3 × 1, 3 × 4, 3 × 10; 4 × 1, 4 × 4, 4 × 10; 5 × 1, 5 × 4, 5 × 10.  
    Next: 5 × 10 = 50.","TRUE"
"Advanced","Matrix: [1, 4, 16; 2, 8, 32; 3, 12, __]. What is the missing number?","48","24","36","12","A","Each row: 1 × 4⁰, 1 × 4¹, 1 × 4²; 2 × 4⁰, 2 × 4¹, 2 × 4²; 3 × 4⁰, 3 × 4¹, 3 × 4².  
    Next: 3 × 4² = 48.","TRUE"
"Advanced","Matrix: [Star Red, Circle Blue, Square Green; Circle Blue, Square Green, Star Red; Square Green, Star Red, __]. What is the missing shape?","Star Green","Circle Red","Circle Blue","Square Blue","C","Each column shifts down: Star Red → Circle Blue → Square Green; Circle Blue → Square Green → Star Red; Square Green → Star Red → Circle Blue.","TRUE"
"Advanced","Matrix: [2, 10, 28; 3, 15, 42; 4, 20, __]. What is the missing number?","56","6","48","18","A","Each row: 2 × 1, 2 × 5, 2 × 14; 3 × 1, 3 × 5, 3 × 14; 4 × 1, 4 × 5, 4 × 14.  
    Next: 4 × 14 = 56.","TRUE"
"Advanced","Matrix: [1, 6, 18; 2, 8, 22; 3, 10, __]. What is the missing number?","26","15","28","24","A","Columns: 1, 2, 3 (+1); 6, 8, 10 (+2); 18, 22, x (+4). Next: 22 + 4 = 26.","TRUE"
"Advanced","Matrix: [Red Filled, Green Empty, Blue Half; Green Empty, Blue Half, Red Filled; Blue Half, Red Filled, __]. What is the missing state?","75","50","Green Empty","Yellow Filled","C","Each column shifts down: Red Filled → Green Empty → Blue Half; Green Empty → Blue Half → Red Filled; Blue Half → Red Filled → Green Empty.","TRUE"
"Advanced","Matrix: [4, 20, 56; 5, 25, 70; 6, 30, __]. What is the missing number?","84","75","90","78","A","Each row: 4 × 1, 4 × 5, 4 × 14; 5 × 1, 5 × 5, 5 × 14; 6 × 1, 6 × 5, 6 × 14.  
    Next: 6 × 14 = 84.","TRUE"
"Advanced","Matrix: [1, 5, 17; 2, 8, 23; 3, 11, __]. What is the missing number?","Option 1: 27","Option 3: 15","29","Option 2: 31","C","Columns: 1, 2, 3 (+1); 5, 8, 11 (+3); 17, 23, x (+6). Next: 23 + 6 = 29.","TRUE"
"Advanced","Matrix: [2, 12, 36; 3, 18, 54; 4, 24, __]. What is the missing number?","72","9","48","5","A","Each row: 2 × 1, 2 × 6, 2 × 18; 3 × 1, 3 × 6, 3 × 18; 4 × 1, 4 × 6, 4 × 18.  
    Next: 4 × 18 = 72.","TRUE"
"Advanced","Matrix: [Filled Star, Empty Circle, Half Square; Empty Circle, Half Square, Filled Star; Half Square, Filled Star, __]. What is the missing shape?","Empty Square","Empty Circle","Half Circle","Filled Star","B","Each column shifts down: Star → Circle → Square; Circle → Square → Star; Square → Star → Circle.","TRUE"
"Advanced","Matrix: [3, 15, 45; 4, 20, 60; 5, 25, __]. What is the missing number?","75","90","70","35","A","Each row: 3 × 1, 3 × 5, 3 × 15; 4 × 1, 4 × 5, 4 × 15; 5 × 1, 5 × 5, 5 × 15.  
    Next: 5 × 15 = 75.","TRUE"
"Advanced","Matrix: [1, 7, 22; 2, 10, 28; 3, 13, __]. What is the missing number?","23","56","34","49","C","Columns: 1, 2, 3 (+1); 7, 10, 13 (+3); 22, 28, x (+6). Next: 28 + 6 = 34.","TRUE"
"Advanced","Which is the odd one out: 3, 12, 30, 66, 132, 242?","66","242","30","132","B","Differences: 9, 18, 36, 66, 110. Second differences: 9, 18, 30, 44. 242 breaks the pattern.","TRUE"
"Advanced","Which is the odd one out: Circle (Red Filled), Square (Blue Empty), Triangle (Green Half), Pentagon (Red Filled), Star (Blue Half)?","Star","Square (Red Half)","Triangle (Blue Filled)","Circle (Green Empty)","A","Circle, Square, Triangle, Pentagon are polygons. Star is not.","TRUE"
"Advanced","Which is the odd one out: 2, 7, 17, 37, 77, 152?","5","37","152","23","C","Differences: 5, 10, 20, 40, 75. 152 breaks the doubling pattern.","TRUE"
"Advanced","Which is the odd one out: Filled Circle (Red), Empty Square (Blue), Half Triangle (Green), Filled Pentagon (Yellow), Empty Star (Red)?","Empty Star","Half Circle (Green)","Empty Square (Yellow)","Filled Circle (Blue)","A","Star is not a polygon; others are.","TRUE"
"Advanced","Which is the odd one out: Star (Filled Red), Circle (Empty Blue), Square (Half Green), Triangle (Filled Yellow), Pentagon (Empty Red)?","Diamond","Triangle","Star","8","C","Star is not a polygon; others are.","TRUE"
"Advanced","Which is the odd one out: 1, 5, 16, 44, 104, 224, 464?","16","224","5","464","D","Differences: 4, 11, 28, 60, 120, 240. Second differences deviate at 464.","TRUE"
"Advanced","Which is the odd one out: Red Filled, Blue Empty, Green Half, Yellow Filled, Circle Empty?","Circle Empty","Green Circle","Red Filled","Blue Half","A","Circle Empty is a shape; others are color/state.","TRUE"
"Advanced","Which is the odd one out: 2, 5, 13, 35, 94, 248, 650?","35","13","94","650","D","Each follows: ×3 - 1, ×3 - 2, etc. 650 ≠ 248 × 3 - 94.","TRUE"
"Advanced","Which is the odd one out: Triangle (3 Red), Square (4 Blue), Pentagon (5 Green), Circle (0 Yellow), Hexagon (6 Red)?","5","2","3","Circle","D","Circle has 0 sides; others are polygons.","TRUE"
"Advanced","Which is the odd one out: Blue Circle (Filled), Red Square (Empty), Green Triangle (Half), Yellow Pentagon (Filled), Star (Red Empty)?","Star","Green Circle (Empty)","Red Pentagon (Half)","Blue Square (Filled)","A","Star is not a polygon.","TRUE"
"Advanced","Which is the odd one out: 5, 15, 35, 65, 105, 155, 205?","65","205","55","35","B","Differences: 10, 20, 30, 40, 50, 50. 205 breaks +10 pattern.","TRUE"
"Advanced","Which is the odd one out: Pentagon (Red Filled), Hexagon (Blue Empty), Heptagon (Green Half), Octagon (Yellow Filled), Circle (Red Empty)?","Hexagon (Green Half)","Heptagon (Red Filled)","Octagon (Blue Empty)","Circle","D","Circle is not a polygon.","TRUE"
"Advanced","Which is the odd one out: 2, 4, 11, 29, 74, 182, 446?","446","11","5","29","A","446 ≠ 182 × 3 - 104.","TRUE"
"Advanced","Which is the odd one out: Filled Star (Red), Empty Circle (Blue), Half Square (Green), Filled Triangle (Yellow), Empty Pentagon (Green)?","Filled Square (Green)","Half Pentagon (Blue)","Star","Empty Triangle (Red)","C","Star is not a polygon.","TRUE"
"Advanced","Which is the odd one out: 1, 4, 12, 36, 108, 324, 970?","36*3+1","970","144","972","B","970 ≠ 324 × 3.","TRUE"
"Advanced","Which is the odd one out: Red Filled Circle, Blue Empty Square, Green Half Triangle, Yellow Filled Pentagon, Green Empty Star?","Blue Empty Triangle","Star","Yellow Filled Square","Green Empty Pentagon","B","Star is not a polygon.","TRUE"
"Advanced","Which is the odd one out: 3, 8, 22, 60, 164, 446, 1204?","164","446","1204","8","C","1204 ≠ 446 × 3 - 136.","TRUE"
"Advanced","Which is the odd one out: Square (Red Filled), Triangle (Blue Empty), Pentagon (Green Half), Hexagon (Yellow Filled), Star (Red Half)?","Square (Green Empty)","Pentagon (Blue Half)","Hexagon (Red Filled)","Star","D","Star is not a polygon.","TRUE"
